model,wer_clean_pct,wer_noisy_pct,kw_acc_clean_pct,kw_acc_noisy_pct,rtf_clean,rtf_noisy,latency_clean_s,latency_noisy_s,peak_rss_mb,size_mb
Whisper Tiny Q5_1,15.861727161727163,22.133044733044734,74.19354838709677,66.12903225806451,0.4180779384099872,0.4575701811609776,2.349842,2.571332,132.515625,31.6
Whisper Base Q5_1,9.507026307026308,11.777089577089578,85.48387096774194,82.25806451612904,0.8391450696966465,0.8617687375593664,4.7047512000000005,4.833412,196.8046875,56.9
Whisper Small Q5_1,7.7653679653679655,7.191008991008991,90.32258064516128,88.70967741935483,2.814271746560189,2.9870797369647506,15.7726332,16.7544884,462.53125,181.3
Nemotron 3.5 INT8 (Official),6.843428793428793,8.155783105783106,91.93548387096774,91.93548387096774,0.3610878905367919,0.3592120006586046,2.036,2.024,791.69140625,651.5
Nemotron 3.5 INT8 (Ottema PT-BR),9.26941946941947,8.312376512376511,91.93548387096774,91.93548387096774,0.35768555528364937,0.35611520422863174,2.016,2.008,794.4765625,651.5
Nemotron 3.5 GGUF Q4_K_M,7.041292041292041,7.093040293040293,93.54838709677419,91.93548387096774,0.5496387779496721,0.5218740777252786,3.100392,2.947728,942.55859375,472.9
Nemotron 3.5 GGUF Q5_K_M,6.426373626373627,5.810989010989011,95.16129032258065,93.54838709677419,0.6368978538445695,0.6096773293042436,3.59024,3.43574,1003.375,533.7
Nemotron 3.5 GGUF Q6_K,6.75970695970696,5.810989010989011,93.54838709677419,93.54838709677419,0.60177271771106,0.5790973115230398,3.3913159999999998,3.2890159999999997,1062.29296875,592.5
Nemotron 3.5 GGUF Q8_0,6.75970695970696,6.144322344322345,93.54838709677419,95.16129032258065,0.3270024253413684,0.36363629762857763,1.841604,2.048988,1186.0078125,715.4
